CODICE,CYP2A6*2,CYP2A6 B2,CYP2A6 14,FUMO,MULTIPLI,SANGUINANTI
0001A,AA,GG,CC,0,0,1
0002A,AA,AG,CC,0,0,1
0003A,AA,AG,CC,1,0,1
0004A,AA,AA,CC,0,0,1
0005A,AA,AG,CC,0,1,1
0006A,AT,AG,CC,0,0,1
0007A,AA,AG,CC,0,0,1
0008A,AA,AG,CC,0,0,1
0009A,AA,AG,CC,1,0,1
0010A,AA,AG,CC,1,0,1
0011A,AA,AG,CT,1,1,1
0012A,AA,AG,CC,0,0,1
0013A,AA,AG,CC,0,0,1
0014A,AA,AG,CC,0,1,1
0015A,AA,AG,CC,0,0,1
0016A,AA,AG,CC,1,0,1
0017A,AA,AA,CC,0,0,1
0018A,AA,AG,CC,0,0,1
0019A,AA,AA,CC,0,0,1
0020A,AA,AG,CC,0,0,1
0021A,AA,AG,CC,0,1,1
0022A,AA,AG,CC,1,1,1
0023A,AA,AG,CC,0,0,0
0024A,AA,AG,CC,0,0,1
0025A,AA,AG,CC,0,1,1
0026A,AA,AG,CC,1,1,1
0027A,AA,AG,CC,0,0,0
0028A,AA,AG,CC,0,0,0
0029A,AA,AG,CC,0,1,1
0030A,AA,AG,CC,0,0,0
0031A,AA,AG,CC,0,1,0
0032A,AA,AG,CC,0,0,1
0033A,AA,AG,CC,0,0,0
0034A,AA,AG,CC,0,0,0
0035A,AA,AG,CC,0,0,1
0036A,AA,AG,CC,0,0,1
0037A,AA,AG,CC,1,1,1
0038A,AT,AG,CC,0,0,0
0039A,AT,AA,CC,0,0,0
0040A,AA,AG,CC,0,0,0
0041A,AA,AG,CC,0,0,0
0042A,AA,AG,CC,1,0,1
0043A,AA,AG,CC,0,0,1
0044A,AA,AG,CC,0,0,1
0045A,AA,AG,CC,1,0,1
0046A,AA,AA,CC,1,1,1
0047A,AT,AG,CC,0,0,1
0048A,AA,AG,CC,0,0,1
0049A,AA,AG,CC,0,0,1
0050A,AA,AA,CC,0,0,1
0051A,AA,AG,CC,1,0,1
0052A,AA,AG,CC,0,1,1
0053A,AA,AG,CC,1,0,1
0054A,AA,AG,CC,0,0,1
0055A,AA,AG,CC,0,0,1
0056A,AT,AG,CC,1,0,1
0057A,AA,AG,CC,1,0,1
0058A,AA,AG,CC,0,0,0
0059A,AA,AG,CC,0,0,1
0060A,AA,AG,CC,0,1,1
0061A,AA,AG,CC,0,0,0
0062A,AA,AG,CC,1,0,1
0063A,AA,AG,CC,0,0,1
0064A,AA,AG,CC,0,0,0
0065A,AA,AG,CC,1,0,1
0066A,AA,AG,CC,1,0,1
0067A,AA,AG,CC,1,0,1
0068A,AA,AG,CC,0,0,1
0069A,AA,AG,CC,1,0,1
0070A,AA,AG,CC,0,0,1
0071A,AA,AA,CC,1,1,1
0072A,AA,AG,CC,0,0,1
0073A,AA,AG,CC,1,0,1
0074A,AA,AG,CC,0,0,1
0075A,AA,AG,CC,0,0,1
0076A,AA,AG,CC,1,0,1
0077A,AA,AG,CC,0,0,0
0078A,AA,AG,CC,0,1,1
0079A,AA,AA,CC,0,0,1
0080A,AA,AG,CC,0,0,1
0081A,AA,AG,CC,0,1,1
0082A,AA,AG,CC,0,0,0
0083A,AA,AG,CC,0,0,0
0084A,AA,AG,CC,0,0,0
0085A,AA,AG,CC,0,0,1
0086A,AA,AG,CC,0,1,1
0087A,AA,AG,CC,0,1,0
0088A,AA,AA,CC,0,0,1
0089A,AA,AG,CC,1,0,1
0090A,AA,AG,CT,0,0,1
0091A,AA,AG,CC,0,1,1
0092A,AA,AA,CC,0,0,1
0093A,AA,AG,CC,0,0,1
0094A,AA,AG,CC,0,1,1
0095A,AA,AG,CC,0,0,0
0096A,AA,AG,CC,0,0,1
0097A,AA,AA,CC,1,0,1
0098A,AA,AA,CC,0,0,1
0099A,AA,AG,CC,0,0,0
0100A,AA,AG,CC,0,1,1
0101A,AA,AG,CC,0,1,1
0102A,AA,AG,CC,1,0,1
0103A,AA,AG,CC,0,0,1
0104A,AA,AG,CC,0,0,0
0105A,AA,AA,CC,0,0,0
0106A,AA,AG,CC,0,0,0
0107A,AA,AG,CC,0,0,1
0108A,AA,AG,CC,0,1,0
0109A,AA,AG,CC,1,0,1
0110A,AA,AG,CC,0,0,1
0111A,AA,AG,CC,1,0,1
0112A,AA,AG,CC,0,0,0
0113A,AA,AG,CC,1,0,1
0114A,AA,AG,CC,0,0,0
0115A,AA,AG,CC,1,0,1
0116A,AA,AG,CC,0,0,1
0117A,AA,AG,CC,0,0,0
0118A,AA,AG,CC,0,0,1
0119A,AA,AG,CC,1,0,1
0120A,AA,AG,CT,0,0,1
0121A,AA,AG,CC,0,0,0
0122A,AA,AG,CC,0,0,1
0123A,AA,AG,CC,1,0,1
0124A,AA,AG,CC,0,0,1
0125A,AA,AG,CC,1,0,1
0126A,AA,AG,CC,0,0,1
0127A,AA,AG,CC,0,0,1
0128A,AA,AG,CC,1,0,1
0129A,AA,AG,CC,0,0,1
0130A,AA,AG,CC,0,0,1
0131A,AA,AA,CC,0,0,1
0132A,AT,AG,CC,0,0,1
0133A,AA,AG,CC,0,0,1
0134A,AT,AG,CC,0,0,1
0135A,AA,AG,CC,1,0,1
0136A,AA,AG,CC,0,0,1
0137A,AA,AG,CC,1,0,1
0138A,AA,AG,CC,0,0,0
0139A,AA,AA,CC,0,0,1
0140A,AA,AG,CC,1,0,1
0141A,AA,AG,CC,0,0,1
0142A,AA,AA,CC,0,0,1
0143 A,AA,AG,CC,0,0,1
0144A,AA,AG,CC,0,0,1
0145A,AA,AG,CC,0,0,1
0146 A,AA,AG,CC,0,1,0
0147A,AA,AG,CC,0,0,1
0148A,AA,AG,CC,0,0,1
0149A,AA,AG,CC,0,0,1
0150A,AA,AG,CC,0,0,1
0151A,AA,AG,CC,1,1,1
0152A,AA,AG,CT,0,0,1
0153A,AA,AG,CC,0,0,1
0154A,AA,AG,CC,0,0,1
0155A,AA,AA,CC,1,0,1
0156A,AA,AA,CC,0,0,1
0157A,AA,AG,CC,0,0,1
0158A,AA,AG,CC,1,0,1
0159A,AA,AG,CC,1,0,0
0160A,AA,AG,CC,0,0,1
0161A,AA,AG,CC,1,0,1
0162A,AA,AG,CC,1,0,1
0163A,AA,AG,CC,0,1,1
0164A,AA,AG,CC,1,1,1
0165 A,AA,AA,CC,0,1,0
0166A,AA,AG,CC,0,0,1
0167A,AA,AG,CC,1,1,1
0168A,AA,AA,CC,0,1,1
0169A,AA,AG,CC,0,1,0
0170A,AA,AG,CC,1,0,1
0171A,AA,AG,CC,0,0,1
0172A,AA,AG,CC,1,0,1
0173A,AA,AG,CC,0,1,1
0174A,AA,AG,CC,0,0,0
0175A,AA,AG,CC,0,0,1
0176A,AA,AG,CC,1,0,1
0177A,AA,AG,CC,0,0,1
0178A,AA,AA,CC,0,0,1
0179A,AA,AG,CC,1,0,0
0180A,AA,AG,CC,0,0,0
0181A,AA,AG,CC,0,0,1
0182A,AA,AG,CC,0,0,1
0183A,AA,AG,CC,1,0,1
0184A,AA,AG,CC,0,0,1
0185A,AA,AG,CC,0,1,1
0186A,AA,AG,CT,1,0,1
0187A,AA,AG,CC,0,0,0
0188A,AA,AA,CC,0,0,1
0189A,AA,AG,CC,0,1,1
0190A,AA,AG,CC,1,0,1
0191A,AA,AG,CC,0,0,1
0192A,AA,AG,CC,0,1,1
0193A,AA,AG,CC,0,0,1
0194A,AA,AG,CC,0,0,1
0195A,AA,AA,CC,1,0,1
0196A,AA,AG,CC,1,1,1
0197A,AA,AA,CC,0,0,1
0198A,AA,AG,CC,0,1,0
0199A,AA,AG,CC,0,0,1
0200A,AA,AG,CC,0,0,1
0201A,AA,AG,CC,0,1,1
0202A,AA,AG,CC,0,0,1
0203A,AA,AA,CC,0,0,1
0204A,AT,AG,CC,0,0,0
0205A,AA,AG,CC,0,0,0
0206A,AA,AG,CC,0,0,1
0207A,AA,AG,CC,0,0,1
0208A,AA,AG,CT,1,0,1
0209A,AA,AG,CC,1,1,1
0210A,AA,AG,CC,0,0,0
0211A,AA,AG,CC,0,0,1
0212A,AA,AG,CC,0,0,0
0213A,AA,AG,CT,0,0,1
0214A,AA,AG,CC,0,0,1
0215A,AA,AG,CC,0,1,0
0216A,AA,AA,CC,0,0,1
0217A,AA,AA,CC,0,0,0
0218A,AA,AG,CC,0,0,1
0219A,AA,AG,CC,0,0,0
0220A,AA,AA,CC,0,0,1
0222A,AA,AA,CC,0,1,1
0223A,AA,AG,CC,0,0,1
0225A,AA,AG,CC,0,0,1
0226A,AA,AG,CC,0,1,1
0227A,AA,AG,CC,0,0,1
0229A,AA,AG,CC,0,0,1
0232A,AA,AG,CC,1,0,1
0240A,AA,AG,CC,0,0,1
0241A,AA,AG,CC,0,0,1
0243A,AA,AG,CC,0,0,1
0250A,AA,AA,CC,0,0,0
0251A,AA,AG,CC,1,0,1
0252A,AA,AG,CC,0,0,1
0253A,AT,AG,CC,0,0,1
0254A,AA,AG,CC,0,0,0
0255A,AA,AG,CC,1,0,1
0256A,AA,AG,CC,0,0,0
0257A,AA,AG,CC,0,0,1
0258A,AT,AA,CC,0,0,1
0259A,AA,AG,CC,1,1,1
0260A,AA,AG,CC,0,0,0
0261A,AA,AG,CC,1,1,1
0262A,AA,AG,CC,1,0,1
0263A,AA,AG,CC,0,0,1
0264A,AA,AG,CC,0,0,1
0265A,AA,AG,CC,0,0,1
0266A,AA,AG,CT,0,0,1
0267A,AA,AG,CC,1,0,1
0268A,AA,AG,CC,0,0,1
0269A,AA,AG,CC,0,0,1
0270A,AA,AG,CC,1,1,1
0271A,AA,AA,CC,1,1,1
0272A,AA,AG,CC,1,0,1
0273A,AA,AG,CC,1,0,1
0274A,AA,AG,CC,1,0,1
0275A,AA,AG,CC,0,1,0
0276A,AA,AG,CC,0,0,0
0277A,AA,AG,CC,0,0,1
0278A,AT,AG,CC,0,0,1
0279A,AA,AG,CC,0,0,0
0280A,AA,AG,CC,0,0,1
0282A,AA,AG,CC,1,0,1
0283A,AA,AG,CC,0,0,0
0284A,AA,AG,CC,1,0,1
0285A,AA,AG,CC,0,0,1
0286A,AA,AG,CC,1,0,1
0287A,AA,AG,CC,0,0,1
0289A,AA,AG,CT,0,0,1
0291A,AA,AG,CC,0,1,1
0293A,AA,AG,CC,0,0,1
0294A,AA,AA,CC,0,0,1
0295A,AA,AG,CC,1,0,1
0296A,AA,AG,CC,0,0,1
0297A,AA,AG,CC,1,0,1
0298A,AA,AG,CC,0,0,1
0299A,AA,AG,CC,0,0,1
0300A,AA,AG,CC,0,0,1
0302A,AA,AG,CC,1,0,1
0303A,AA,AG,CC,0,0,0
0304A,AA,AG,CC,1,0,1
0305A,AA,AA,CC,1,1,1
0306A,AA,AG,CC,0,0,1
0307A,AA,AG,CC,1,0,1
0308A,AT,AG,CC,0,0,1
0309A,AA,AG,CC,0,0,1
0310A,AA,AA,CC,0,0,0
0311A,AA,AA,CC,0,0,1
0313A,AA,AG,CC,0,0,0
0314A,AA,AG,CC,0,0,0
0315A,AA,AG,CC,0,0,1
0316A,AA,AG,CC,0,0,1
0317A,AA,AG,CC,1,0,1
0318A,AA,AG,CC,0,0,1
0319A,AA,AG,CT,0,0,1
0320A,AA,AG,CC,1,0,1
0321A,AA,AG,CC,1,1,1
0322A,AA,AG,CC,0,0,0
0323A,AA,AG,CC,0,0,1
0325A,AA,AG,CC,0,0,1
0326A,AA,AG,CC,0,0,1
0327A,AA,AG,CT,1,0,1
0328A,AA,AG,CC,0,0,1
0329A,AA,AG,CC,0,0,1
0330A,AA,AG,CC,0,0,1
0331A,AA,AG,CC,0,0,0
0332A,AA,AA,CC,0,0,0
0333A,AA,AG,CC,0,0,1
0334A,AA,AG,CC,0,0,0
0335A,AA,AG,CC,0,0,1
0336A,AA,AG,CC,0,0,0
0337A,AA,AA,CC,1,0,1
0338A,AA,AG,CC,0,0,1
0339A,AA,AA,CC,0,1,0
0340A,AA,AA,CC,0,0,0
0341A,AA,AG,CC,0,1,1
0342A,AA,AG,CC,0,0,0
0343A,AA,AG,CC,0,0,0
0344A,AA,AG,CC,0,0,0
0345A,AA,AG,CC,0,0,0
0346A,AA,AG,CC,0,0,0
0347A,AA,AG,CC,0,0,0
0348A,AA,AG,CC,0,0,0
0350A,AA,AA,CC,0,0,0
0351A,AA,AG,CC,0,0,0
0352A,AA,AG,CC,0,0,1
0353A,AA,AG,CC,0,0,1
0354A,AA,AG,CC,0,0,0
0355A,AA,AA,CC,0,1,1
0356A,AT,AG,CC,0,0,0
0357A,AA,AA,CC,1,0,1
0358A,AA,AA,CC,1,0,1