allelic variant,multipli
AG,1
AG,1
AG,1
AG,1
AG,1
AG,1
AG,1
AG,1
AG,1
AG,1
AA,1
AG,1
AG,1
AA,1
AG,1
AG,1
AG,1
AG,1
AG,1
AG,1
AG,1
AG,1
AG,1
AG,1
AG,1
AG,1
AG,1
AA,1
AG,1
AA,1
AG,1
AG,1
AG,1
AG,1
AG,1
AG,1
AG,1
AG,1
AG,1
AG,1
AA,1
AG,1
AG,1
AG,1
AG,1
AA,1
AG,1
AG,1
AA,1
AG,1
AA,1
AG,1
AA,1
GG,0
AG,0
AG,0
AA,0
AG,0
AG,0
AG,0
AG,0
AG,0
AG,0
AG,0
AG,0
AG,0
AA,0
AG,0
AA,0
AG,0
AG,0
AG,0
AG,0
AG,0
AG,0
AG,0
AG,0
AG,0
AG,0
AG,0
AG,0
AA,0
AG,0
AG,0
AG,0
AG,0
AG,0
AG,0
AG,0
AG,0
AG,0
AA,0
AG,0
AG,0
AG,0
AG,0
AG,0
AG,0
AG,0
AG,0
AG,0
AG,0
AG,0
AG,0
AG,0
AG,0
AG,0
AG,0
AG,0
AG,0
AG,0
AG,0
AG,0
AG,0
AG,0
AG,0
AA,0
AG,0
AG,0
AG,0
AG,0
AG,0
AA,0
AG,0
AG,0
AA,0
AG,0
AG,0
AG,0
AA,0
AA,0
AG,0
AG,0
AG,0
AG,0
AA,0
AG,0
AG,0
AG,0
AG,0
AG,0
AG,0
AG,0
AG,0
AG,0
AG,0
AG,0
AG,0
AG,0
AG,0
AG,0
AG,0
AG,0
AG,0
AG,0
AG,0
AG,0
AG,0
AG,0
AG,0
AA,0
AG,0
AG,0
AG,0
AG,0
AG,0
AG,0
AG,0
AA,0
AG,0
AG,0
AA,0
AG,0
AG,0
AG,0
AG,0
AG,0
AG,0
AG,0
AG,0
AG,0
AG,0
AA,0
AA,0
AG,0
AG,0
AG,0
AG,0
AG,0
AG,0
AG,0
AG,0
AG,0
AG,0
AG,0
AG,0
AG,0
AG,0
AA,0
AG,0
AG,0
AG,0
AG,0
AG,0
AG,0
AG,0
AG,0
AA,0
AG,0
AG,0
AG,0
AG,0
AA,0
AA,0
AG,0
AG,0
AG,0
AA,0
AG,0
AG,0
AG,0
AG,0
AG,0
AG,0
AG,0
AG,0
AG,0
AG,0
AA,0
AA,0
AG,0
AG,0
AA,0
AG,0
AG,0
AG,0
AG,0
AG,0
AG,0
AG,0
AG,0
AA,0
AG,0
AG,0
AG,0
AG,0
AG,0
AG,0
AG,0
AA,0
AG,0
AG,0
AG,0
AG,0
AG,0
AG,0
AG,0
AG,0
AG,0
AG,0
AG,0
AG,0
AG,0
AG,0
AG,0
AG,0
AG,0
AG,0
AG,0
AG,0
AG,0
AG,0
AG,0
AG,0
AG,0
AA,0
AG,0
AG,0
AG,0
AG,0
AG,0
AG,0
AG,0
AG,0
AG,0
AG,0
AG,0
AG,0
AG,0
AA,0
AA,0
AG,0
AG,0
AG,0
AG,0
AG,0
AG,0
AG,0
AG,0
AG,0
AG,0
AG,0
AG,0
AG,0
AG,0
AG,0
AG,0
AG,0
AA,0
AG,0
AG,0
AG,0
AG,0
AA,0
AG,0
AA,0
AG,0
AG,0
AG,0
AG,0
AG,0
AG,0
AG,0
AA,0
AG,0
AG,0
AG,0
AG,0
AG,0
AA,0
AA,0
