combination,sah
AA-GG-CC,1
AA-AG-CC,1
AA-AG-CC,1
AA-AA-CC,1
AA-AG-CC,1
AT-AG-CC,1
AA-AG-CC,1
AA-AG-CC,1
AA-AG-CC,1
AA-AG-CC,1
AA-AG-CT,1
AA-AG-CC,1
AA-AG-CC,1
AA-AG-CC,1
AA-AG-CC,1
AA-AG-CC,1
AA-AA-CC,1
AA-AG-CC,1
AA-AA-CC,1
AA-AG-CC,1
AA-AG-CC,1
AA-AG-CC,1
AA-AG-CC,1
AA-AG-CC,1
AA-AG-CC,1
AA-AG-CC,1
AA-AG-CC,1
AA-AG-CC,1
AA-AG-CC,1
AA-AG-CC,1
AA-AG-CC,1
AA-AG-CC,1
AA-AG-CC,1
AA-AG-CC,1
AA-AA-CC,1
AT-AG-CC,1
AA-AG-CC,1
AA-AG-CC,1
AA-AA-CC,1
AA-AG-CC,1
AA-AG-CC,1
AA-AG-CC,1
AA-AG-CC,1
AA-AG-CC,1
AT-AG-CC,1
AA-AG-CC,1
AA-AG-CC,1
AA-AG-CC,1
AA-AG-CC,1
AA-AG-CC,1
AA-AG-CC,1
AA-AG-CC,1
AA-AG-CC,1
AA-AG-CC,1
AA-AG-CC,1
AA-AG-CC,1
AA-AA-CC,1
AA-AG-CC,1
AA-AG-CC,1
AA-AG-CC,1
AA-AG-CC,1
AA-AG-CC,1
AA-AG-CC,1
AA-AA-CC,1
AA-AG-CC,1
AA-AG-CC,1
AA-AG-CC,1
AA-AG-CC,1
AA-AA-CC,1
AA-AG-CC,1
AA-AG-CT,1
AA-AG-CC,1
AA-AA-CC,1
AA-AG-CC,1
AA-AG-CC,1
AA-AG-CC,1
AA-AA-CC,1
AA-AA-CC,1
AA-AG-CC,1
AA-AG-CC,1
AA-AG-CC,1
AA-AG-CC,1
AA-AG-CC,1
AA-AG-CC,1
AA-AG-CC,1
AA-AG-CC,1
AA-AG-CC,1
AA-AG-CC,1
AA-AG-CC,1
AA-AG-CC,1
AA-AG-CC,1
AA-AG-CT,1
AA-AG-CC,1
AA-AG-CC,1
AA-AG-CC,1
AA-AG-CC,1
AA-AG-CC,1
AA-AG-CC,1
AA-AG-CC,1
AA-AG-CC,1
AA-AG-CC,1
AA-AA-CC,1
AT-AG-CC,1
AA-AG-CC,1
AT-AG-CC,1
AA-AG-CC,1
AA-AG-CC,1
AA-AG-CC,1
AA-AA-CC,1
AA-AG-CC,1
AA-AG-CC,1
AA-AA-CC,1
AA-AG-CC,1
AA-AG-CC,1
AA-AG-CC,1
AA-AG-CC,1
AA-AG-CC,1
AA-AG-CC,1
AA-AG-CC,1
AA-AG-CC,1
AA-AG-CT,1
AA-AG-CC,1
AA-AG-CC,1
AA-AA-CC,1
AA-AA-CC,1
AA-AG-CC,1
AA-AG-CC,1
AA-AG-CC,1
AA-AG-CC,1
AA-AG-CC,1
AA-AG-CC,1
AA-AG-CC,1
AA-AG-CC,1
AA-AG-CC,1
AA-AA-CC,1
AA-AG-CC,1
AA-AG-CC,1
AA-AG-CC,1
AA-AG-CC,1
AA-AG-CC,1
AA-AG-CC,1
AA-AG-CC,1
AA-AA-CC,1
AA-AG-CC,1
AA-AG-CC,1
AA-AG-CC,1
AA-AG-CC,1
AA-AG-CC,1
AA-AG-CT,1
AA-AA-CC,1
AA-AG-CC,1
AA-AG-CC,1
AA-AG-CC,1
AA-AG-CC,1
AA-AG-CC,1
AA-AG-CC,1
AA-AA-CC,1
AA-AG-CC,1
AA-AA-CC,1
AA-AG-CC,1
AA-AG-CC,1
AA-AG-CC,1
AA-AG-CC,1
AA-AA-CC,1
AA-AG-CC,1
AA-AG-CC,1
AA-AG-CT,1
AA-AG-CC,1
AA-AG-CC,1
AA-AG-CT,1
AA-AG-CC,1
AA-AA-CC,1
AA-AG-CC,1
AA-AA-CC,1
AA-AA-CC,1
AA-AG-CC,1
AA-AG-CC,1
AA-AG-CC,1
AA-AG-CC,1
AA-AG-CC,1
AA-AG-CC,1
AA-AG-CC,1
AA-AG-CC,1
AA-AG-CC,1
AA-AG-CC,1
AA-AG-CC,1
AT-AG-CC,1
AA-AG-CC,1
AA-AG-CC,1
AT-AA-CC,1
AA-AG-CC,1
AA-AG-CC,1
AA-AG-CC,1
AA-AG-CC,1
AA-AG-CC,1
AA-AG-CC,1
AA-AG-CT,1
AA-AG-CC,1
AA-AG-CC,1
AA-AG-CC,1
AA-AG-CC,1
AA-AA-CC,1
AA-AG-CC,1
AA-AG-CC,1
AA-AG-CC,1
AA-AG-CC,1
AT-AG-CC,1
AA-AG-CC,1
AA-AG-CC,1
AA-AG-CC,1
AA-AG-CC,1
AA-AG-CC,1
AA-AG-CC,1
AA-AG-CT,1
AA-AG-CC,1
AA-AG-CC,1
AA-AA-CC,1
AA-AG-CC,1
AA-AG-CC,1
AA-AG-CC,1
AA-AG-CC,1
AA-AG-CC,1
AA-AG-CC,1
AA-AG-CC,1
AA-AG-CC,1
AA-AA-CC,1
AA-AG-CC,1
AA-AG-CC,1
AT-AG-CC,1
AA-AG-CC,1
AA-AA-CC,1
AA-AG-CC,1
AA-AG-CC,1
AA-AG-CC,1
AA-AG-CC,1
AA-AG-CT,1
AA-AG-CC,1
AA-AG-CC,1
AA-AG-CC,1
AA-AG-CC,1
AA-AG-CC,1
AA-AG-CT,1
AA-AG-CC,1
AA-AG-CC,1
AA-AG-CC,1
AA-AG-CC,1
AA-AG-CC,1
AA-AA-CC,1
AA-AG-CC,1
AA-AG-CC,1
AA-AG-CC,1
AA-AG-CC,1
AA-AA-CC,1
AA-AA-CC,1
AA-AA-CC,1
AA-AG-CC,0
AA-AG-CC,0
AA-AG-CC,0
AA-AG-CC,0
AA-AG-CC,0
AA-AG-CC,0
AA-AG-CC,0
AT-AG-CC,0
AT-AA-CC,0
AA-AG-CC,0
AA-AG-CC,0
AA-AG-CC,0
AA-AG-CC,0
AA-AG-CC,0
AA-AG-CC,0
AA-AG-CC,0
AA-AG-CC,0
AA-AG-CC,0
AA-AG-CC,0
AA-AG-CC,0
AA-AG-CC,0
AA-AG-CC,0
AA-AA-CC,0
AA-AG-CC,0
AA-AG-CC,0
AA-AG-CC,0
AA-AG-CC,0
AA-AG-CC,0
AA-AG-CC,0
AA-AG-CC,0
AA-AG-CC,0
AA-AG-CC,0
AA-AA-CC,0
AA-AG-CC,0
AA-AG-CC,0
AA-AG-CC,0
AA-AG-CC,0
AA-AG-CC,0
AA-AG-CC,0
AT-AG-CC,0
AA-AG-CC,0
AA-AG-CC,0
AA-AG-CC,0
AA-AG-CC,0
AA-AA-CC,0
AA-AG-CC,0
AA-AA-CC,0
AA-AG-CC,0
AA-AG-CC,0
AA-AG-CC,0
AA-AG-CC,0
AA-AG-CC,0
AA-AG-CC,0
AA-AG-CC,0
AA-AG-CC,0
AA-AA-CC,0
AA-AG-CC,0
AA-AG-CC,0
AA-AG-CC,0
AA-AG-CC,0
AA-AA-CC,0
AA-AG-CC,0
AA-AG-CC,0
AA-AA-CC,0
AA-AA-CC,0
AA-AG-CC,0
AA-AG-CC,0
AA-AG-CC,0
AA-AG-CC,0
AA-AG-CC,0
AA-AG-CC,0
AA-AG-CC,0
AA-AA-CC,0
AA-AG-CC,0
AA-AG-CC,0
AT-AG-CC,0
