allelic variant,smoke_sah
GG,1
AG,1
AA,1
AG,1
AG,1
AG,1
AG,1
AG,1
AG,1
AG,1
AG,1
AA,1
AG,1
AA,1
AG,1
AG,1
AG,1
AG,1
AG,1
AG,1
AG,1
AG,1
AG,1
AG,1
AG,1
AG,1
AG,1
AA,1
AG,1
AG,1
AG,1
AG,1
AG,1
AG,1
AG,1
AG,1
AG,1
AG,1
AG,1
AG,1
AA,1
AG,1
AG,1
AG,1
AG,1
AA,1
AG,1
AG,1
AA,1
AG,1
AG,1
AG,1
AA,1
AG,1
AG,1
AG,1
AG,1
AG,1
AG,1
AG,1
AG,1
AG,1
AG,1
AG,1
AG,1
AG,1
AG,1
AA,1
AG,1
AG,1
AG,1
AG,1
AA,1
AG,1
AA,1
AG,1
AG,1
AG,1
AG,1
AG,1
AG,1
AG,1
AG,1
AG,1
AG,1
AA,1
AG,1
AG,1
AG,1
AG,1
AA,1
AG,1
AG,1
AG,1
AG,1
AA,1
AG,1
AG,1
AG,1
AG,1
AA,1
AG,1
AG,1
AG,1
AG,1
AG,1
AA,1
AG,1
AG,1
AG,1
AG,1
AA,1
AG,1
AG,1
AG,1
AG,1
AG,1
AA,1
AG,1
AA,1
AA,1
AG,1
AG,1
AG,1
AG,1
AG,1
AG,1
AG,1
AG,1
AG,1
AG,1
AG,1
AA,1
AG,1
AG,1
AG,1
AG,1
AG,1
AG,1
AG,1
AG,1
AG,1
AG,1
AG,1
AG,1
AG,1
AG,1
AA,1
AG,1
AG,1
AG,1
AG,1
AG,1
AG,1
AG,1
AA,1
AG,1
AG,1
AG,1
AG,1
AG,1
AG,1
AG,1
AG,1
AG,1
AG,1
AG,1
AG,1
AG,1
AG,1
AG,1
AG,1
AA,1
AG,0
AG,0
AG,0
AG,0
AG,0
AG,0
AG,0
AG,0
AA,0
AG,0
AG,0
AG,0
AG,0
AG,0
AG,0
AG,0
AG,0
AG,0
AG,0
AG,0
AG,0
AG,0
AA,0
AG,0
AG,0
AG,0
AG,0
AG,0
AG,0
AG,0
AG,0
AA,0
AG,0
AG,0
AG,0
AG,0
AG,0
AG,0
AG,0
AG,0
AG,0
AG,0
AA,0
AG,0
AA,0
AG,0
AG,0
AG,0
AG,0
AG,0
AG,0
AG,0
AG,0
AA,0
AG,0
AG,0
AG,0
AG,0
AA,0
AG,0
AG,0
AA,0
AA,0
AG,0
AG,0
AG,0
AG,0
AG,0
AG,0
AG,0
AA,0
AG,0
AG,0
AG,0
